{
    "read_files": "( /seqdata/sandelin/projects/SKINCANCER/RNAseq/RNAPipe/00_seqdata/Sample_RNAseq_WTTPA_01mar//Sample_RNAseq_WTTPA_01mar_R1.fastq, /seqdata/sandelin/projects/SKINCANCER/RNAseq/RNAPipe/00_seqdata/Sample_RNAseq_WTTPA_01mar//Sample_RNAseq_WTTPA_01mar_R2.fastq )",
    "expected_format": "ISF",
    "compatible_fragment_ratio": 0.6296976773260181,
    "num_compatible_fragments": 12380515,
    "num_assigned_fragments": 19661046,
    "num_consistent_mappings": 49335382,
    "num_inconsistent_mappings": 18946550,
    "MSF": 0,
    "OSF": 44990,
    "ISF": 49335382,
    "MSR": 0,
    "OSR": 6274,
    "ISR": 4029516,
    "SF": 12845669,
    "SR": 2018288,
    "MU": 0,
    "OU": 0,
    "IU": 0,
    "U": 0
}